{
 "Files" : [
  {
   "Path" : "C:/userData/gy/fpga_project/src/ahb_multiple.v",
   "Type" : "verilog"
  },
  {
   "Path" : "C:/userData/gy/fpga_project/src/gowin_empu/gowin_empu.v",
   "Type" : "verilog"
  },
  {
   "Path" : "C:/userData/gy/fpga_project/src/top.v",
   "Type" : "verilog"
  },
  {
   "Path" : "C:/userData/gy/fpga_project/src/wave.v",
   "Type" : "verilog"
  }
 ],
 "IncludePath" : [

 ],
 "LoopLimit" : 2000,
 "ResultFile" : "C:/userData/gy/fpga_project/impl/temp/rtl_parser.result",
 "Top" : "",
 "VerilogStd" : "verilog_2001",
 "VhdlStd" : "vhdl_93"
}