{
 "Files" : [
  {
   "Path" : "D:/FILE/FPGA/GOWIN_PRJ/GOWIN_FREQMEASURE/src/Control_TOP.v",
   "Type" : "verilog"
  },
  {
   "Path" : "D:/FILE/FPGA/GOWIN_PRJ/GOWIN_FREQMEASURE/src/MeasureFreq.v",
   "Type" : "verilog"
  },
  {
   "Path" : "D:/FILE/FPGA/GOWIN_PRJ/GOWIN_FREQMEASURE/src/TOP.v",
   "Type" : "verilog"
  },
  {
   "Path" : "D:/FILE/FPGA/GOWIN_PRJ/GOWIN_FREQMEASURE/src/USART_Band.v",
   "Type" : "verilog"
  },
  {
   "Path" : "D:/FILE/FPGA/GOWIN_PRJ/GOWIN_FREQMEASURE/src/USART_rx.v",
   "Type" : "verilog"
  },
  {
   "Path" : "D:/FILE/FPGA/GOWIN_PRJ/GOWIN_FREQMEASURE/src/USART_tx.v",
   "Type" : "verilog"
  },
  {
   "Path" : "D:/FILE/FPGA/GOWIN_PRJ/GOWIN_FREQMEASURE/src/gowin_pllvr/gowin_pllvr.v",
   "Type" : "verilog"
  },
  {
   "Path" : "D:/FILE/FPGA/GOWIN_PRJ/GOWIN_FREQMEASURE/src/DigitalTube_Mea.v",
   "Type" : "verilog"
  }
 ],
 "IncludePath" : [

 ],
 "LoopLimit" : 2000,
 "ResultFile" : "D:/FILE/FPGA/GOWIN_PRJ/GOWIN_FREQMEASURE/impl/temp/rtl_parser.result",
 "Top" : "",
 "VerilogStd" : "verilog_2001",
 "VhdlStd" : "vhdl_93"
}