<?xml version="1.0" encoding="UTF-8"?>
<Module name="TestTop_DigitalTube" Register="1" Lut="2">
    <SubModule name="pll_inst0"/>
    <SubModule name="dut_inst0" Register="13" Lut="17"/>
    <SubModule name="MeaDut_inst0" Register="254" Alu="15" Lut="515">
        <SubModule name="USART_Band_inst1" Register="10" Lut="20"/>
        <SubModule name="USART_tx_inst1" Register="17" Lut="33"/>
        <SubModule name="USART_rx_inst1" Register="27" Lut="47"/>
        <SubModule name="measure_inst0" Register="36" Lut="69"/>
        <SubModule name="MeaDut_inst0" Register="28" Lut="35"/>
    </SubModule>
</Module>
